,date,BAB,IV,rf,STRAT_EQ,STRAT_EQ_scaled,STRAT_RP,STRAT_RP_scaled,STRAT_MV,STRAT_MV_scaled,Fund_EQ,Fund_RP,Fund_MV
0,1970-04-30,-0.0401911204238185,-0.0479823841360434,0.0054265992379555,-0.044086752279930946,-0.030542413654351584,0.0,0.0,-0.043599397370885126,-0.031955388829072784,-0.025115814416396084,0.0054265992379555,-0.026528789591117284
1,1970-08-31,0.010131657081861,-0.0143321870576558,0.005090674105442,-0.0021002649878974003,-0.0014550212643655092,0.0,0.0,-0.0005700158555495332,-0.00041778279979130204,0.00363565284107649,0.005090674105442,0.004672891305650698
2,1970-09-30,-0.0230940948887397,0.0559037001579513,0.0048490414558046,0.0164048026346058,0.01136491671699324,0.0,0.0,0.011463375333230701,0.008401873377993255,0.01621395817279784,0.0048490414558046,0.013250914833797856
3,1970-10-30,0.0288013886152736,0.1878664052083845,0.0043948761863424,0.10833389691182904,0.07505154090870009,0.0,0.0,0.09838414812172272,0.07210887987975222,0.07944641709504249,0.0043948761863424,0.07650375606609462
4,1970-11-30,0.0355633150558539,-0.0678771313507617,0.0037076942182036,-0.0161569081474539,-0.011193180411239703,0.0,0.0,-0.00968655735300488,-0.007099586813029865,-0.007485486193036102,0.0037076942182036,-0.0033918925948262656
5,1971-04-30,0.0016369310710743,0.0436366146627314,0.0030633396706814,0.02263677286690285,0.015682300122961835,0.0,0.0,0.02000963140015348,0.014665697011338016,0.018745639793643236,0.0030633396706814,0.017729036682019417
6,1971-07-30,0.0044510016209177,-0.031062916023531,0.0042169682325731,-0.01330595720130665,-0.009218099040931273,0.0,0.0,-0.011084509854284571,-0.00812419078548749,-0.005001130808358172,0.0042169682325731,-0.003907222552914389
7,1971-09-30,-0.0069585219838662,0.030813119714466,0.0037755116794985,0.0119272988652999,0.008262992324995966,0.0,0.0,0.009564627585733409,0.007010220597945431,0.012038504004494466,0.0037755116794985,0.010785732277443932
8,1972-01-31,0.0063539144802062,0.0448464120664455,0.0026057942959712,0.02560016327332585,0.01773527728575252,0.0,0.0,0.02319240140657581,0.016998450655695812,0.02034107158172372,0.0026057942959712,0.019604244951667012
9,1972-02-29,0.0076837258976424,0.1498944296693754,0.0026225782322082,0.07878907778350891,0.05458348552937637,0.0,0.0,0.0698935908430181,0.05122724181367331,0.05720606376158457,0.0026225782322082,0.05384982004588151
10,1972-06-30,-0.0042028944987263,-0.0097539596796055,0.0030209882675253,-0.0069784270891659,-0.004834513675688959,0.0,0.0,-0.0066311998656681205,-0.00486021786741999,-0.001813525408163659,0.0030209882675253,-0.0018392295998946899
11,1972-08-31,0.0330718608868871,-0.0458316990603747,0.0035887834952282,-0.006379919086743801,-0.00441987939123665,0.015807502077762593,0.01349531871686268,-0.001444386328283375,-0.0010586368051617634,-0.0008310958960084497,0.01708410221209088,0.0025301466900664368
12,1972-11-30,0.0372590687117125,-0.0405703981910621,0.004097904474831,-0.0016556647396747982,-0.001147011170861217,0.02207526013359263,0.018846283859078383,0.0032126819322485373,0.002354677048763408,0.0029508933039697834,0.022944188333909384,0.006452581523594408
13,1973-02-28,-0.000689752433194,-0.0357318223402829,0.0046495160524205,-0.018210787386738453,-0.012616066563614999,-0.007525797061743193,-0.006424989188489696,-0.0160188548038956,-0.011740729567899353,-0.0079665505111945,-0.0017754731360691963,-0.007091213515478853
14,1973-04-30,0.0040803472527104,-0.0048541862787372,0.0049891682908994,-0.0003869195130133999,-0.0002680500423882446,0.002545561714463911,0.0021732191766376946,0.00017194859072610725,0.00012602660602215352,0.004721118248511155,0.007162387467537094,0.0051151948969215535
15,1973-08-31,0.0008918635834025,0.1614447861652889,0.0071510640853282,0.08116832487434571,0.05623177997331367,0.029104639402287746,0.02484746691419235,0.07112550539447558,0.05213015127733265,0.06338284405864186,0.03199853099952055,0.05928121536266085
16,1973-11-30,-0.0472332026828963,0.0471081738382884,0.0062062012917272,-6.251442230394838e-05,-4.3308732139000846e-05,-0.025507004089203138,-0.02177606227743972,-0.00596370512408945,-0.004370989683207708,0.006162892559588199,-0.01556986098571252,0.0018352116085194924
17,1974-01-31,0.0231383429677266,0.0147235790932669,0.006291944734231,0.01893096103049675,0.013114988352885479,0.02114179352130014,0.01804935659109726,0.019457316784088404,0.014260888014502534,0.01940693308711648,0.02434130132532826,0.020552832748733534
18,1974-02-28,0.0122978284529526,0.2054017535960537,0.0061472681271693,0.10884979102450315,0.075408941954962,0.051806419385417725,0.044228628770461804,0.09677085885758843,0.07092644872616004,0.0815562100821313,0.050375896897631105,0.07707371685332934
19,1974-09-30,-0.047695569810625,0.056644288227917,0.0051420684130875,0.0044743592086460005,0.003099745903733361,-0.02279092550830917,-0.01945726795251142,-0.00205225109520513,-0.001504160279196057,0.008241814316820861,-0.014315199539423921,0.0036379081338914427
20,1975-01-31,0.1319560512492202,-0.0715980588973685,0.0046166619965279,0.030178996175925843,0.020907400459566478,0.0636826163977562,0.05436767939574853,0.042911602656789886,0.031451282147585226,0.025524062456094378,0.058984341392276436,0.03606794414411313
21,1975-02-28,0.0311643184156326,0.1911479997914994,0.0039629401965206,0.11115615910356601,0.07700674728801658,0.08302624118558954,0.07088188767274439,0.10114894649139175,0.0741352887813523,0.08096968748453719,0.074844827869265,0.0780982289778729
22,1975-04-30,0.0100604485505929,0.10262213661438,0.004344918051865,0.05634129258248645,0.03903211225333306,0.03985533380077332,0.03402564361924254,0.05055142398945258,0.037050750855675885,0.04337703030519806,0.03837056167110754,0.041395668907540886
23,1975-05-30,0.0372042292485675,0.0339646888706895,0.0040469811204181,0.035584459059628495,0.024652196228123126,0.03612566420931617,0.030841517525334764,0.03578709703525417,0.0262295047589115,0.028699177348541226,0.034888498645752865,0.0302764858793296
24,1975-06-30,0.036117182547734,0.0895458796626779,0.0047089669458845,0.06283153110520595,0.043528418726934276,0.0545218801094314,0.04654689561321867,0.05948948817293624,0.04360174315340798,0.048237385672818774,0.051255862559103166,0.04831071009929248
25,1976-04-30,0.0138537571707609,0.0149490316859316,0.0039114839115611,0.014401394428346249,0.009976995879332535,0.014241781741041303,0.012158618277945635,0.01433288340992395,0.010505027363330921,0.013888479790893634,0.016070102189506736,0.014416511274892022
26,1976-07-30,0.0137977906661946,0.0242948687079221,0.0042345321655588,0.01904632968705835,0.013194913433532782,0.017565661451283444,0.014996309890799114,0.0183897221451719,0.01347841385532546,0.017429445599091584,0.019230842056357916,0.01771294602088426
27,1976-09-30,0.0110881912739172,-0.042313100654107,0.0042348330698397,-0.0156124546900949,-0.01081599402643607,-0.007860876377380192,-0.006711056028000723,-0.012272125992238495,-0.00899463252910072,-0.006581160956596369,-0.002476222958161023,-0.00475979945926102
28,1977-01-31,0.0139081428185031,0.0520179531104209,0.003792532032355,0.032963047964462,0.022836135441465257,0.02644855453968544,0.022579890950354422,0.030579223746135337,0.02241248833295818,0.026628667473820256,0.02637242298270942,0.026205020365313178
29,1977-02-28,-0.0001358657024394,0.0966903139280069,0.0036907289582565,0.04827722411278375,0.03344548810431875,0.032125104706629694,0.027426124930797192,0.04222060535233674,0.030944828185485582,0.03713621706257525,0.03111685388905369,0.034635557143742085
30,1977-06-30,0.0122878411357025,0.0140674519608189,0.0041244733349696,0.0131776465482607,0.009129208005894123,0.012948424246442772,0.011054441823083471,0.01306632929552149,0.009576729459245214,0.013253681340863722,0.015178915158053072,0.013701202794214815
31,1977-09-30,0.0010076100633205,0.0141508076099107,0.0048459696968945,0.0075792088366156,0.005250723164881609,0.005432881775907926,0.0046382072737509925,0.006757082660236865,0.004952481382282715,0.01009669286177611,0.009484176970645491,0.009798451079177215
32,1977-11-30,0.0112467903257318,0.0117232776313828,0.0047447920430317,0.0114850339785573,0.007956600122868697,0.01132686516451471,0.009670070242982446,0.011455229002614479,0.008395902672477371,0.012701392165900396,0.014414862286014147,0.01314069471550907
33,1977-12-30,0.0070047563657734,0.0785446862958377,0.0047950208416807,0.04277472133080555,0.029633465049540404,0.022000759084185736,0.018782680172579353,0.038299794370047435,0.028071140771906318,0.034428485891221106,0.02357770101426005,0.03286616161358702
34,1978-02-28,-0.0062003812231642,0.0606386528895778,0.005073687645022,0.0272191358332068,0.018856868853780944,0.010206633955486356,0.008713696672506608,0.02303825676225254,0.016885473129805546,0.023930556498802942,0.013787384317528607,0.021959160774827548
35,1978-06-30,0.0059397954126975,0.0852496436262746,0.0054663087295911,0.04559471951948605,0.03158710297315787,0.02172606610515921,0.018548166883698473,0.04063377283738115,0.029781788027139655,0.03705341170274897,0.024014475613289572,0.035248096756730754
36,1978-08-31,0.0071538974715407,0.0400360935989189,0.0063344840109736,0.023594995535229802,0.016346137479889142,0.011802850426785454,0.010076432537750675,0.02153816620756361,0.015786008920561336,0.022680621490862744,0.016410916548724275,0.022120492931534938
37,1978-11-30,-0.0109314351700691,-0.1793215393263849,0.0075523822775473,-0.09512648724822699,-0.0659017136162088,-0.027444311255237382,-0.023429997069254384,-0.08459344063005725,-0.06200123053828541,-0.058349331338661506,-0.015877614791707084,-0.054448848260738106
38,1979-02-28,-0.0009602636343653,0.1091316019231964,0.0079520250277323,0.05408566914441555,0.03746946178507951,0.009008186269030391,0.007690547447875971,0.047199262380734124,0.034593844703665146,0.045421486812811815,0.015642572475608272,0.04254586973139744
39,1979-04-30,0.0073416169751399,0.1031113539689962,0.007974447709295,0.05522648547206805,0.03825979635002006,0.015852632045039564,0.013533847466635301,0.04923594873940039,0.03608659709105273,0.04623424405931506,0.021508295175930302,0.04406104480034773
40,1979-08-31,0.0276161776166436,0.043831998020768,0.0083783501539266,0.0357240878187058,0.024748928218964832,0.029449567931002184,0.025141942309902608,0.03470976460105427,0.025439893459008104,0.033127278372891436,0.033520292463829204,0.0338182436129347
41,1979-11-30,0.0310412459424481,-0.0423077432048803,0.0090864990406916,-0.005633248631216101,-0.0039026011446693367,0.021189247558007954,0.01808986946571991,-0.0010451623778383705,-0.0007660328396109062,0.005183897896022264,0.02717636850641151,0.008320466201080694
42,1980-01-31,0.0311893842364197,0.1029848366526357,0.0097680116838783,0.0670871104445277,0.04647659834550065,0.041695379621167636,0.03559654360569803,0.06259620017957182,0.04587875146403852,0.05624461002937895,0.04536455528957633,0.05564676314791682
43,1980-02-29,-0.0382812055283609,0.0987290376048663,0.0113469732138,0.0302239160382527,0.020938520035074605,-0.012153786657040592,-0.010376036880884043,0.021653725495764543,0.01587070600836415,0.03228549324887461,0.0009709363329159573,0.02721767922216415
44,1980-04-30,0.042469560476899,-0.1411595630947112,0.007698274877289,-0.049345001308906095,-0.03418522263063581,0.008672454956944558,0.007403923980262921,-0.03785873179963649,-0.02774787194744215,-0.02648694775334681,0.01510219885755192,-0.02004959707015315
45,1980-05-30,0.0438947044435644,0.0270035983242977,0.0059850219430287,0.03544915138393105,0.024558457796779398,0.040506040579274045,0.03458117069264674,0.03650571470799391,0.026756202569812353,0.0305434797398081,0.040566192635675444,0.032741224512841054
46,1980-06-30,0.0299501645683431,0.0475970987169357,0.0051675190129411,0.0387736316426394,0.026861590733460197,0.03348002780246853,0.028582861708387513,0.03766979017293909,0.027609390603405393,0.032029109746401295,0.03375038072132861,0.032776909616346495
47,1981-04-30,0.0255202994592932,0.1507480457752433,0.0115160300377899,0.08813417261726826,0.061057578931392534,0.04950879124796484,0.042267077612333025,0.08030099443590798,0.058855159825539474,0.07257360896918244,0.053783107650122924,0.07037118986332938
48,1981-08-31,-0.0211421691074528,0.0248069573920234,0.0124737309944558,0.001832394142285301,0.0012694457399840045,-0.011689623640736703,-0.009979767577183407,-0.001041790738756647,-0.0007635616577977437,0.013743176734439803,0.002493963417272392,0.011710169336658055
49,1981-09-30,-0.0260215778361806,-0.0028463701259589,0.011663837136385,-0.01443397398106975,-0.009999566336998294,-0.019992172941847852,-0.017067892470652945,-0.015883617025241336,-0.011641609486846055,0.0016642707993867068,-0.0054040553342679445,2.2227649538944863e-05
50,1981-10-30,0.0165856093967768,-0.053644722118361,0.0105985000482491,-0.0185295563607921,-0.012836903285809928,-0.0012587907209868389,-0.001074665807031241,-0.014136546690985343,-0.010361125920342234,-0.0022384032375608286,0.009523834241217858,0.00023737412790686592
51,1981-11-30,0.0461990955110815,0.0973718404268911,0.0085367807348808,0.0717854679689863,0.049731525768979136,0.0597264913767339,0.05099022179493272,0.06858453813716213,0.050267795336522876,0.05826830650385993,0.05952700252981352,0.05880457607140367
52,1982-04-30,0.031465949211325,-0.0220463502984176,0.0101967804109716,0.0047097994564537,0.003262854163415697,0.01741639701997868,0.014868878557015972,0.00805707184045525,0.005905284912434414,0.013459634574387296,0.02506565896798757,0.016102065323406013
53,1982-07-30,-0.0089654421473246,-0.0067291515009892,0.0074321909271306,-0.007847296824156899,-0.005436449120816366,-0.008358442434780617,-0.007135842467646849,-0.007987180065797761,-0.005854059001761038,0.001995741806314234,0.0002963484594837506,0.0015781319253695613
54,1982-09-30,0.0577611890278751,-0.0071643491888722,0.0058495047887703,0.02529841991950145,0.017526235570195,0.03863430301848835,0.032983214556828136,0.02935960703125674,0.021518592345936862,0.0233757403589653,0.03883271934559843,0.027368097134707163
55,1983-01-31,0.0174926978952188,0.0263406313356145,0.0066975875690775,0.02191666461541665,0.015183423636139845,0.019895433714669744,0.016985303412826527,0.021363213473681877,0.015657780482210643,0.021881011205217345,0.02368289098190403,0.02235536805128814
56,1983-02-28,0.0453055863119106,0.0791152456705708,0.0061873052274136,0.0622104159912407,0.043098122691126436,0.05630156723129985,0.04806626564447095,0.06009557248571841,0.044045961675820144,0.049285427918540035,0.05425357087188455,0.05023326690323374
57,1983-06-30,0.0001170130664043,0.118381991262981,0.0072456192892015,0.05924950216469265,0.04104686125297132,0.03593438088316522,0.03067821345370285,0.0518518552846539,0.03800387842599875,0.04829248054217282,0.03792383274290435,0.045249497715200246
58,1983-09-30,0.0451804181809876,-0.020917837378429,0.0072958733292913,0.0121312904012793,0.008404313550798882,0.02514106694109601,0.02146365121971842,0.016265832693270154,0.011921747539776597,0.015700186880090183,0.02875952454900972,0.0192176208690679
59,1983-11-30,0.0021025368609412,-0.0697127992532105,0.0070845963774784,-0.03380513119613465,-0.02341951373682786,-0.02131393653851411,-0.018196320031035884,-0.02931297717687177,-0.021484415838513165,-0.016334917359349457,-0.011111723653557483,-0.014399819461034764
60,1983-12-30,-0.0189892470413118,0.0428861902663257,0.0072021878831137,0.011948471612506952,0.008277660377641142,0.0009354070378638328,0.000798583865045148,0.008078072761301418,0.005920677157095484,0.015479848260754842,0.008000771748158848,0.013122865040209184
61,1984-02-29,-0.0470671530101016,0.0179681116428531,0.0074084352307237,-0.01454952068362425,-0.010079614764321945,-0.024394961955500675,-0.020826679955864284,-0.018617571344004376,-0.0136454117998417,-0.0026711795335982447,-0.013418244725140584,-0.006236976569117999
62,1984-04-30,-0.003835229010311,-0.0064836429911472,0.0077189441439288,-0.005159436000729101,-0.003574353301346616,-0.004807274982038055,-0.0041041087784178506,-0.004993773843418095,-0.0036600961140220182,0.004144590842582184,0.003614835365510949,0.004058848029906781
63,1984-08-31,0.0353491454967269,-0.0494391805650049,0.0089328893738383,-0.007045017534139001,-0.0048806461942034075,0.003919562043762592,0.003346242736574149,-0.0017413840720695434,-0.0012763159235979749,0.0040522431796348925,0.012279132110412448,0.007656573450240325
64,1984-11-30,0.0087007149815026,-0.0179038457768676,0.0061721818813178,-0.0046015653976825,-0.003187871788359138,-0.00107667254059485,-0.0009191862836736293,-0.002937411318511024,-0.0021529224368734327,0.0029843100929586616,0.00525299559764417,0.0040192594444443674
65,1985-01-31,0.0349943579480287,-0.0045843760513821,0.0063770647652516,0.0152049909483233,0.010533711356319695,0.020435941515497415,0.017446750452671064,0.017680698487033186,0.012958747803703284,0.016910776121571297,0.023823815217922664,0.019335812568954884
66,1985-02-28,0.0337245972557369,0.0642821763845892,0.0064280917580293,0.04900338682016305,0.033948558996189336,0.04413563304147375,0.03767985806581584,0.04709196567629449,0.034515203527015856,0.04037665075421864,0.044107949823845145,0.04094329528504516
67,1985-09-30,-0.0219145412575566,0.0075299409769723,0.005889748367413,-0.00719230014029215,-0.004982680616078211,-0.011493158296727955,-0.009812039468012639,-0.009034095449927816,-0.00662137667559096,0.0009070677513347896,-0.0039222911005996385,-0.0007316283081779595
68,1986-01-31,0.0168110380318681,0.0108648032503924,0.0056533491653519,0.01383792064113025,0.009586632593253751,0.014697447055032759,0.01254763284901975,0.014209866299514814,0.010414864199782747,0.01523998175860565,0.01820098201437165,0.016068213365134646
69,1986-02-28,0.0518169076766016,0.0354065681742444,0.0057894321984201,0.043611737925423,0.030213333280841265,0.044508935494014745,0.03799855709555783,0.04463822859638229,0.03271678136521623,0.036002765479261366,0.043787989293977925,0.03850621356363633
70,1986-04-30,0.0015313905935547,0.0098745665221559,0.0049147294962295,0.0057029785578553,0.003950908632823131,0.005149076095097932,0.004395914209524543,0.005181100734690761,0.00379739396696796,0.008865638129052632,0.009310643705754042,0.00871212346319746
71,1986-05-30,0.0516894675856283,-0.01669587938096,0.0051263494979375,0.01749679410233415,0.012121426402773933,0.017083362058940385,0.014584557041765799,0.021774397297650967,0.015959150220498163,0.017247775900711432,0.0197109065397033,0.021085499718435662
72,1986-06-30,0.0526051948075369,-0.0069758521025377,0.0049042614646228,0.0228146713524996,0.01580554460922108,0.021317971056873743,0.018199764415282326,0.02654155273788436,0.019453150479387407,0.02070980607384388,0.023104025879905128,0.024357411944010206
73,1987-04-30,-0.0563106410902761,0.0331860927369488,0.0040480689119685,-0.01156227417666365,-0.00801011057576686,-0.008862344814910772,-0.007566038408067352,-0.017160425411851494,-0.012577423074067671,-0.00396204166379836,-0.0035179694960988522,-0.00852935416209917
74,1987-08-31,0.0219131873531673,0.0422273616929062,0.0047174775170558,0.03207027452303675,0.022217639990167484,0.0323182086037684,0.027590983276191375,0.030799593289111808,0.022574004199152255,0.026935117507223286,0.03230846079324717,0.027291481716208058
75,1987-09-30,-0.0022314231260454,-0.000326210278045,0.0054162818427905,-0.0012788167020452,-0.0008859384436838666,-0.0011591182364086735,-0.0009895725430818293,-0.0013979905445109984,-0.001024631855555145,0.004530343399106633,0.00442670929970867,0.004391649987235355
76,1987-10-30,-0.1928238785054837,0.0130804954737615,0.0033521101754468,-0.0898716915158611,-0.06226129701423334,-0.03948618046542213,-0.033710486810061065,-0.10275131042740449,-0.07530971241352763,-0.058909186838786536,-0.030358376634614263,-0.07195760223808083
77,1987-11-30,-0.0249605083411094,-0.1303541700736882,0.0029277684725749,-0.07765733920739881,-0.05379943984779242,-0.0866177840902324,-0.07394809104535861,-0.07106481194547404,-0.052085667112890574,-0.05087167137521752,-0.0710203225727837,-0.049157898640315674
78,1988-02-29,0.0132867083462491,-0.0051168595170014,0.0043100311719132,0.00408492441462385,0.0028299533253438613,0.00222029500178771,0.0018955296382174133,0.005236094426754266,0.003837700597770365,0.0071399844972570604,0.0062055608101306125,0.008147731769683565
79,1988-06-30,0.0198291667729354,0.0008885743861305,0.0054498253264813,0.010358870579532949,0.0071764168116328205,0.008415408490812824,0.0071844760264732485,0.011543632258881815,0.008460696238400954,0.01262624213811412,0.012634301352954548,0.013910521564882254
80,1988-09-30,0.019851481874008,-0.003559263634119,0.0059084731186432,0.008146109119944499,0.00564346025842529,0.0057163885433450905,0.004880245147042453,0.009610485396915648,0.00704383125028342,0.011551933377068491,0.010788718265685653,0.01295230436892662
81,1988-11-30,-0.0058286594492409,0.0492979072660759,0.0056884348174829,0.0217346239084175,0.01505730950235663,0.026635076760770746,0.022739130329792138,0.018286376756238888,0.013402668723828495,0.02074574431983953,0.028427565147275038,0.019091103541311397
82,1988-12-30,-0.0007190358163339,0.0070879367507216,0.0055088165315714,0.0031844504671938497,0.002206123118647198,0.003879892891416081,0.003312376041411916,0.0026961129463664206,0.001976067164308307,0.007714939650218598,0.008821192572983316,0.0074848836958797075
83,1989-02-28,0.0013356857469884,0.0590314497548429,0.0062801739433738,0.03018356775091565,0.02091056755460455,0.03388428084656107,0.02892798414743279,0.026574613560819572,0.019477381810910566,0.02719074149797835,0.03520815809080659,0.025757555754284366
84,1989-06-30,0.0162425215502635,-0.0078536483155119,0.0068785758672324,0.0041944366173758,0.0029058211727963456,0.0029055240076673707,0.002480529329053695,0.005701687187634622,0.004178948381159882,0.009784397040028746,0.009359105196286095,0.011057524248392282
85,1989-08-31,-0.0195638300787993,-0.0069836132629659,0.0064876978109862,-0.013273721670882602,-0.009195766914982704,-0.012621266645389663,-0.010775137978925391,-0.014060632581424289,-0.010305486048350418,-0.0027080691039965037,-0.004287440167939191,-0.0038177882373642185
86,1989-11-30,0.0012313813598691,-0.0703301639075664,0.0058920350517224,-0.03454939127384865,-0.0239351221222137,-0.03719002511511034,-0.03175019301263187,-0.0300731122422112,-0.022041543070545847,-0.0180430870704913,-0.02585815796090947,-0.016149508018823446
87,1990-02-28,-0.0048459245632957,0.0196900802522907,0.0064202806122584,0.007422077844497501,0.005141865979650155,0.00824895151928669,0.0070423669271140864,0.0058873149566124675,0.004315000893186608,0.011562146591908556,0.013462647539372485,0.010735281505445008
88,1990-04-30,-0.0216041158099468,0.0240180456824991,0.006263817194568,0.00120696493627615,0.0008361609881348696,-0.010803571541497105,-0.009223319441345105,-0.0016467678066855018,-0.0012069686451440568,0.00709997818270287,-0.002959502246777105,0.005056848549423943
89,1990-08-31,-0.0778388551519839,-0.0141218296552912,0.0062402320058635,-0.04598034240363755,-0.03185425473719699,-0.049286921569700534,-0.04207766109307179,-0.04996593528209294,-0.03662162750932426,-0.02561402273133349,-0.035837429087208286,-0.03038139550346076
90,1990-11-30,-0.036055952288833,-0.0826413317706989,0.0055428302284276,-0.059348642029765954,-0.04111554335387726,-0.0546342111457285,-0.04664279584648559,-0.05643465859667704,-0.04136276113066328,-0.035572713125449656,-0.04109996561805799,-0.035819930902235675
91,1991-01-31,0.0033121269227166,0.0066235408129457,0.004897337897732,0.00496783386783115,0.003441615204358483,0.00459666850852556,0.00392430798067613,0.00476070009917774,0.0034892689335522717,0.008338953102090483,0.00882164587840813,0.008386606831284272
92,1991-02-28,0.0905378460163144,0.1098178702905086,0.0047613993864023,0.1001778581534115,0.06940120159681774,0.09871742351589924,0.08427790087901978,0.09897186451443249,0.07253963596774353,0.07416260098322004,0.08903930026542207,0.07730103535414583
93,1991-03-28,0.0390505688105492,0.1506450777141846,0.0049058347605656,0.09484782326236689,0.06570866082173966,0.08153897815039103,0.06961216848643172,0.08786742396572769,0.06440083734067478,0.07061449558230526,0.07451800324699731,0.06930667210124038
94,1991-09-30,0.0195408440855766,0.052040411180311,0.0041572902035477,0.0357906276329438,0.024795025661526186,0.03191230740251082,0.027244453758018206,0.03375773230934807,0.02474211862967937,0.028952315865073887,0.031401743961565906,0.028899408833227072
95,1992-01-31,0.0489578614645506,-0.0390443247390811,0.003106196511409,0.004956768362734749,0.0034339492453918825,0.014578160463705513,0.012445794458571333,0.010461433464213878,0.00766751822770989,0.006540145756800883,0.015551990969980334,0.01077371473911889
96,1992-04-30,-0.0070799775435099,-0.0409449589985122,0.0029198300958472,-0.02401246827101105,-0.016635354179379367,-0.020124327741373144,-0.0171807168201791,-0.021894164287673237,-0.016046931267160176,-0.013715524083532167,-0.0142608867243319,-0.013127101171312976
97,1992-08-31,-0.0040070330219558,0.0314437290446797,0.0025210601193511,0.013718348011361951,0.009503795084676726,0.009540350091436523,0.00814487099359656,0.011500851137846834,0.008429340590395384,0.012024855204027827,0.01066593111294766,0.010950400709746485
98,1992-09-30,-0.0068342262614497,-0.0316269836739941,0.0022419765623395,-0.0192306049677219,-0.013322575634925195,-0.01661848466445081,-0.014187677852881992,-0.01767978183041399,-0.012958075956832559,-0.011080599072585694,-0.011945701290542492,-0.01071609939449306
99,1992-10-30,-0.0018379930080729,0.0227423283891374,0.0023095759313476,0.01045216769053225,0.007241051170244756,0.007854187550617309,0.006705345584404832,0.008914632735829268,0.006533818642457578,0.009550627101592355,0.009014921515752432,0.008843394573805178
100,1992-11-30,0.0246492811410468,0.0620171312188481,0.0022246265142203,0.04333320617994745,0.030020372099845965,0.03911868847351704,0.03339674833751449,0.040995792655190176,0.030047123897346952,0.03224499861406627,0.03562137485173479,0.032271750411567254
101,1993-04-30,0.0136807947770387,0.0310695237648801,0.0023773458179233,0.0223751592709594,0.015501059495070437,0.01943433866700965,0.01659165332210829,0.02128746891066584,0.015602264876288942,0.01787840531299374,0.01896899914003159,0.017979610694212243
102,1993-07-30,0.0434877295516154,0.0465039795907477,0.0024034260097392,0.04499585457118155,0.031172221403790508,0.04450527754607711,0.03799543420030054,0.044807183731921635,0.03284061397246309,0.03357564741352971,0.040398860210039744,0.03524403998220229
103,1993-09-30,-0.0076390708683999,0.0394337996127779,0.0023181352960653,0.015897364372189002,0.011013373713408593,0.0086339499245493,0.007371051127751446,0.01295288766606948,0.00949358447107702,0.013331509009473892,0.009689186423816746,0.01181171976714232
104,1994-01-31,0.0629352718877711,0.0108977247167224,0.0023262508042491,0.03691649830224675,0.025575006175509424,0.046134466365327725,0.0393863195063772,0.04017152277648219,0.02944299021517373,0.027901256979758524,0.0417125703106263,0.03176924101942283
105,1994-02-28,-0.0100385324964827,0.062867721877819,0.0024194156513306,0.02641459469066815,0.018299498961316763,0.019187663954486095,0.01638106003238297,0.021854202143088277,0.016017641736899173,0.02071891461264736,0.01880047568371357,0.018437057388229774
106,1994-06-30,-0.0180283448692547,-0.0083145216398753,0.002936785279834,-0.013171433254565,-0.009124903561216388,-0.013956729600286719,-0.011915261075050261,-0.013779047065532977,-0.010099103043273593,-0.006188118281382387,-0.00897847579521626,-0.0071623177634395924
107,1994-09-30,0.0035866682320435,0.0606935950925218,0.0037423072133913,0.03214013166228265,0.02226603560865193,0.026931319096663107,0.022992040923801763,0.028568010094595697,0.020938405705013274,0.026008342822043232,0.026734348137193064,0.024680712918404575
108,1994-11-30,-0.0788180216222475,-0.008586659997728,0.0041247510148996,-0.04370234080998775,-0.03027610113366661,-0.04152816196368772,-0.03545378508688352,-0.048095414914638784,-0.035250663476353174,-0.026151350118767007,-0.031329034071983924,-0.031125912461453575
109,1994-12-30,-0.0193224978496731,0.0097940151602532,0.0039459582020792,-0.0047642413447099505,-0.0033005704066238254,-0.003833764876019532,-0.0032729952292829393,-0.006585521700991486,-0.004826738883735343,0.0006453877954553746,0.0006729629727962607,-0.0008807806816561433
110,1995-02-28,0.0323421515031069,-0.0357222371030604,0.0041824574027564,-0.0016900427999767473,-0.0011708275983383287,-0.003991724249687809,-0.003407849685191455,0.002567483981766098,0.0018817908938470738,0.0030116298044180713,0.000774607717564945,0.006064248296603474
111,1995-06-30,-0.0019528859252237,-0.0017991104061389,0.0044383062380114,-0.0018759981656813,-0.0012996537287943046,-0.001871859225681724,-0.0015980600046361128,-0.0018856170486873341,-0.0013820288721185406,0.003138652509217095,0.0028402462333752872,0.0030562773658928595
112,1995-08-31,0.0275828520348957,0.0352796691320826,0.0044726006330049,0.03143126058348915,0.021774944008648246,0.03177387307419749,0.027126268394337544,0.03094981344796783,0.022684105344481727,0.026247544641653145,0.03159886902734244,0.02715670597748663
113,1995-11-30,0.0045447892976452,-0.05542789695291,0.0045150650192569,-0.0254415538276324,-0.017625395857674135,-0.025116893323669214,-0.02144301350794655,-0.021690174830280125,-0.015897420888092838,-0.013110330838417235,-0.01692794848868965,-0.011382355868835937
114,1996-02-29,0.0117833012943661,0.016461383226777,0.0041499390875098,0.01412234226057155,0.009783674160254621,0.014075212352126975,0.01201641320463211,0.013829721412543804,0.010136243888331961,0.013933613247764421,0.01616635229214191,0.014286182975841761
115,1996-03-29,0.0375123174170565,0.0455825433799893,0.0043279288050064,0.0415474303985229,0.028783222620930502,0.04152230106664309,0.0354487814706768,0.04104262599381854,0.030081449544862263,0.0331111514259369,0.039776710275683205,0.034409378349868666
116,1996-09-30,0.0164066858690507,0.0521431281763257,0.0041572902035477,0.0342749070226882,0.02374496496372499,0.03245793559844534,0.02771027222628852,0.032039540433445896,0.023482801006310734,0.02790225516727269,0.03186756242983622,0.027640091209858435
117,1997-01-31,0.0559897104989867,0.0116149404536781,0.0041411672452133,0.0338023254763324,0.023417569990682657,0.033889088785049586,0.028932088822665753,0.036578032064909075,0.026809206267080384,0.027558737235895955,0.03307325606787905,0.030950373512293683
118,1997-02-28,0.0180787471745475,0.0521792646721694,0.0042133204988098,0.03512900592335845,0.02433666747245963,0.03454583216005082,0.02949276951195048,0.03299596881701676,0.024183797871569657,0.028549987971269432,0.03370609001076028,0.028397118370379455
119,1997-04-30,-0.0239707007714937,0.0223690360917502,0.004158713387201,-0.0008008323398717501,-0.000554800508707002,-0.00024044110855135116,-0.00020527148290563668,-0.003699450468887023,-0.0027114452335555406,0.003603912878493998,0.003953441904295364,0.0014472681536454595
120,1997-05-30,0.1151787119586547,-0.0329892153404617,0.003678675785512,0.0410947483090965,0.028469613590685127,0.03976712217132657,0.033950334816620756,0.05036286827005587,0.03691255235540737,0.032148289376197126,0.03762901060213276,0.04059122814091937
121,1997-06-30,0.0864331094566876,0.0676506156085385,0.0042039585324375,0.07704186253261305,0.053373050009036506,0.07713662166025405,0.06585375025897344,0.07821673491777643,0.057327539552350426,0.057577008541474003,0.07005770879141095,0.061531498084787924
122,1998-04-30,0.009493008990561,-0.0156291846652606,0.003939848933819,-0.0030680878373498003,-0.0021255094333378585,-0.0033470847443995907,-0.0028575024172582445,-0.0014966579825299604,-0.001096948367635421,0.0018143395004811412,0.0010823465165607552,0.002842900566183579
123,1998-08-31,-0.1550510807061306,0.0155637205009106,0.0039091368311891,-0.06974368010261,-0.04831701627611979,-0.0456641063214618,-0.03898475962218918,-0.08041588476610552,-0.058939366612686825,-0.044407879444930694,-0.035075622791000086,-0.05503022978149773
124,1998-09-30,0.0039164275390094,-0.1023849924877675,0.0033567169681418,-0.049234282474379054,-0.03410851885300255,-0.0565362996720853,-0.0482666634736791,-0.04258497360715315,-0.03121188530007324,-0.03075180188486075,-0.0449099465055373,-0.02785516833193144
125,1998-10-30,-0.0042798034110021,0.0918363944771509,0.002959955006691,0.0437782955330744,0.030328721035372777,0.049754190683628303,0.04247658216156067,0.03776608716614246,0.02767996974088079,0.03328867604206378,0.045436537168251676,0.030639924747571788
126,1998-11-30,0.0576853969544953,0.0521335187442272,0.0037013301594708,0.05490945784936125,0.0380401660009509,0.05456371160742345,0.04658260836498865,0.05525673592903314,0.040499424040589746,0.0417414961604217,0.05028393852445945,0.044200754200060546
127,1999-04-30,0.1075036970009609,0.0913090938808346,0.0037104060917821,0.09940639544089774,0.0688667477741616,0.09838265916213301,0.08399210293150755,0.10041939148648901,0.07360057465088976,0.0725771538659437,0.08770250902328965,0.07731098074267186
128,1999-07-30,0.0121305606763005,0.0842437412314125,0.0037083698886024,0.0481871509538565,0.03338308723474137,0.0520973220464484,0.04447698073061844,0.04367636633039442,0.03201180183423352,0.037091457123343774,0.04818535061922084,0.035720171722835925
129,1999-09-30,-0.0921620085549312,0.035861200304946,0.0037510233503105,-0.0281504041249926,-0.019502032761757243,-0.018444649430136247,-0.015746727184091574,-0.03615844256576098,-0.026501675741375755,-0.015751009411446745,-0.011995703833781074,-0.022750652391065256
130,2000-01-31,0.0369706385501478,0.2198137941892779,0.0044882590253622,0.12839221636971285,0.08894754046439192,0.1278833148204822,0.10917766030213744,0.11695511030098318,0.085720130336268,0.09343579948975411,0.11366591932749964,0.0902083893616302
131,2000-02-29,-0.0534082429681645,0.0368488458649909,0.0044285232563308,-0.008279698551586799,-0.005736008324909339,-0.007981887815710634,-0.006814366969895373,-0.013925411101401483,-0.01020637791308392,-0.0013074850685785393,-0.0023858437135645732,-0.0057778546567531204
132,2000-06-30,-0.0141194248454287,-0.0633892885164889,0.0046909520023229,-0.0387543566809588,-0.026848237428388353,-0.03732928925187414,-0.031869086807629385,-0.035672454846416346,-0.026145479842480543,-0.022157285426065453,-0.027178134805306484,-0.021454527840157642
133,2000-08-31,0.052281260756676,-0.0583540344643569,0.005194777544786,-0.0030363868538404483,-0.0021035476307209493,0.0027721305809486133,0.0023666475279033074,0.0038840122279033586,0.0028467164328837002,0.003091229914065051,0.007561425072689308,0.0080414939776697
134,2000-11-30,0.038770210491188,-0.0605932943536854,0.0050991608414032,-0.0109115419312487,-0.007559296388060503,-0.0051586541827609265,-0.004404091298167283,-0.004696209777856647,-0.0034420019202952594,-0.002460135546657303,0.0006950695432359167,0.0016571589211079405
135,2001-02-28,0.0946979963732979,0.3013379175692321,0.0041778178215662,0.198017956971265,0.1371828506305986,0.16184800644438974,0.13817429344061402,0.1850923285084949,0.135660070630177,0.1413606684521648,0.14235211126218023,0.1398378884517432
136,2001-04-30,0.0479652639477231,0.0390283273835749,0.0031184341160309,0.043496795665649,0.03013370359929674,0.04487519156737567,0.03831124042893189,0.04405581408258885,0.03228991119337314,0.03325213771532764,0.0414296745449628,0.03540834530940404
137,2001-08-31,0.0418032963055613,-0.0292913028361096,0.0028116184840435,0.006255996734725851,0.004334028482729711,0.01775962313871858,0.01516190055641604,0.010703067605138538,0.007844619595922442,0.007145646966773211,0.01797351904045954,0.010656238079965942
138,2001-11-30,0.0527836940729444,0.1259322207257093,0.001439612560039,0.08935795739932685,0.06190539236977432,0.07718694862722103,0.06589671583670555,0.08478241036736603,0.062139732485485766,0.06334500492981332,0.06733632839674454,0.06357934504552476
139,2002-01-31,0.0541528788367302,0.0759815554117493,0.0014079106687149,0.06506721712423974,0.04507725695300756,0.06101215075952268,0.05208782615055494,0.06370180156654054,0.04668908198099517,0.04648516762172246,0.05349573681926984,0.04809699264971007
140,2002-02-28,0.0761082745413919,0.0367077322366441,0.0014438781990535,0.056408003389018,0.039078328155909975,0.06338614841808451,0.05411457616316113,0.05887256477732754,0.04314958032150625,0.04052220635496347,0.055558454362214627,0.04459345852055975
141,2002-03-28,0.1136988235313452,-0.0598224462586645,0.0014248363799142,0.026938188636340347,0.018662234296732114,0.06637382168464101,0.05666523867490296,0.037792197148892426,0.027699106579952167,0.020087070676646314,0.05809007505481716,0.029123942959866367
142,2002-09-30,-0.1151990486237745,-0.007744386242874,0.0013083661510795,-0.061471717433324254,-0.0425863672145946,-0.07457798497761567,-0.06366936860632535,-0.0681931632918472,-0.049980944230449825,-0.0412780010635151,-0.062361002455245854,-0.048672578079370324
143,2003-01-31,-0.0423140753422238,-0.0389289479198323,0.0009552551958717,-0.04062151163102805,-0.028141764755592834,-0.04106284839356259,-0.03505653352232711,-0.04083325628863213,-0.029927995810597397,-0.027186509559721135,-0.03410127832645541,-0.028972740614725698
144,2003-02-28,-0.0741031592861136,0.0528363795840019,0.0009954320765802,-0.010633389851055854,-0.007366598231523,-0.02346160973724266,-0.020029850349357253,-0.0185736431533919,-0.01361321542795981,-0.0063711661549428,-0.019034418272777052,-0.01261778335137961
145,2003-04-30,0.1137151130521851,-0.0050894344269215,0.0009108785554787,0.0543128393126318,0.03762684070025871,0.06380681755503557,0.0544737134923593,0.061744237038274544,0.04525432050650485,0.03853771925573741,0.055384592047838,0.046165199061983554
146,2003-05-30,0.1081876772164119,0.0660520799278966,0.0009341101938983,0.08711987857215425,0.060354896454436306,0.08958700844409917,0.07648300319024914,0.08975552163887726,0.06578468434157514,0.06128900664833461,0.07741711338414745,0.06671879453547344
147,2003-06-30,0.0506080811514294,0.1319656707200161,0.0006613628909158,0.09128687593572275,0.06324170826508169,0.09493298261497657,0.0810470149444907,0.08619784004515554,0.06317714603799916,0.06390307115599748,0.08170837783540649,0.06383850892891496
148,2004-04-30,-0.0202690271042981,0.0093222824613994,0.0006740675412496,-0.0054733723214493496,-0.0037918420586876235,-0.004030267540961538,-0.0034407552004067643,-0.007324351894802702,-0.0053682510959583195,-0.0031177745174380232,-0.002766687659157164,-0.004694183554708719
149,2004-07-30,-0.0284535856776213,0.0279569624331742,0.0010652172633845,-0.0002483116222235498,-0.0001720252885261209,0.0034460140225836267,0.002941961184554621,-0.003776873683423689,-0.002768191176713187,0.0008931919748583791,0.004007178447939121,-0.0017029739133286872
150,2004-09-30,0.0600906169553092,-0.0506768495789576,0.0012154039017918,0.0047068836881758,0.0032608341779039856,-0.003973943841616659,-0.003392670039941014,0.011635550278339134,0.008528065886361234,0.004476238079695785,-0.002177266138149214,0.009743469788153034
151,2005-01-31,0.004581570863835,0.0135222058211795,0.0018013052302372,0.00905188834250725,0.006270965852835381,0.009851867549418119,0.008410822398230097,0.008492638585678737,0.006224525671342813,0.00807227108307258,0.010212127628467297,0.008025830901580013
152,2005-02-28,0.0141012042004714,-0.0275728765773056,0.0020806767845999,-0.006735836188417099,-0.004666451587730974,-0.01005270989216844,-0.008582287276989776,-0.004129061652579669,-0.0030263209714799432,-0.0025857748031310746,-0.006501610492389876,-0.0009456441868800434
153,2005-06-30,0.064818737547158,0.051802770031125,0.0024875846469055,0.0583107537891415,0.04039651529368219,0.05726884262912264,0.04889205644407883,0.059124921541539185,0.043334540642297636,0.04288409994058769,0.051379641090984335,0.04582212528920314
154,2005-09-30,-0.0125726515672569,0.0422074450537978,0.002654832328395,0.014817396743270452,0.010265193900881216,0.0169335775604231,0.014456681711660365,0.01139082180082737,0.00834869658017771,0.012920026229276215,0.017111514040055367,0.01100352890857271
155,2005-11-30,0.0108721220311006,-0.0326089734535867,0.0033088016057356,-0.010868425711243052,-0.007529426339610052,-0.0121036539375725,-0.01033323713782301,-0.008148619769890626,-0.0059723833096144985,-0.004220624733874453,-0.0070244355320874105,-0.0026635817038788987
156,2005-12-30,0.0038732177836716,0.0310618546779694,0.003288502004898,0.0174675362308205,0.012101157138920206,0.017238002367638432,0.014716577916543351,0.015766847337450117,0.011556025258580791,0.015389659143818207,0.01800507992144135,0.01484452726347879
157,2006-02-28,-0.0084109300092334,0.0891680395640326,0.003686264847309,0.0403785547773996,0.02797344914285359,0.034584779364344655,0.02952601985931659,0.03427484790805726,0.02512112914410831,0.03165971399016259,0.03321228470662559,0.02880739399141731
158,2006-06-30,0.0086694677117143,-0.0161757017168873,0.0039035270896056,-0.0037531170025865,-0.0026000838360315834,-0.0005047153435240878,-0.00043088999062858107,-0.0021990154172293478,-0.0016117285314960522,0.0013034432535740164,0.0034726370989770186,0.0022917985581095476
159,2006-08-31,0.0268574067858265,-0.062321469985857,0.0041372049053608,-0.017732031600015248,-0.012284394201253868,-0.007844351588158455,-0.006696948340639414,-0.012153762787257787,-0.008907880361265953,-0.00814718929589307,-0.002559743435278614,-0.004770675455905153
160,2006-11-30,0.0329658157052983,0.0185178348280141,0.0041499390878494,0.0257418252666562,0.01783341786031612,0.02748249271700879,0.0234625936802272,0.026645567543444573,0.01952938624767985,0.02198335694816552,0.0276125327680766,0.02367932533552925
161,2007-02-28,0.0092418126959445,0.0501115276459485,0.0042860844432667,0.0296766701709465,0.020559399124925163,0.02323622596674945,0.01983743374859065,0.027120209890833566,0.019877266761635936,0.024845483568191863,0.02412351819185735,0.024163351204902636
162,2007-04-30,0.039161937073509,0.0187206526385127,0.0039621557838185,0.02894129485601085,0.0200499459241688,0.03229976932589283,0.02757524113485776,0.030219927011788918,0.0221491482974667,0.0240121017079873,0.03153739691867626,0.026111304081285203
163,2007-08-31,0.0138174339690305,-0.0091722709183093,0.0034602423219377,0.0023225815253606003,0.0016090376819571305,0.00623392244320385,0.005322078707526375,0.0037606210973981985,0.0027562791380786964,0.00506928000389483,0.008782321029464076,0.0062165214600163965
164,2007-11-30,-0.0471102870516881,0.0355822760639304,0.0026823738527157,-0.00576400549387885,-0.003993186864439149,-0.013749752777151519,-0.01173855901412549,-0.010936545926921186,-0.008015743304175945,-0.0013108130117234487,-0.00905618516140979,-0.005333369451460245
165,2008-01-31,-0.0725548140916735,0.008797284039627,0.0013867539932727,-0.03187876502602325,-0.022084966069453534,-0.03639398864637734,-0.03107059380695407,-0.03696745741917876,-0.027094628528992137,-0.020698212076180833,-0.02968383981368137,-0.025707874535719436
166,2008-02-29,-0.0280883365705924,0.0019157964560303,0.0017252736589415,-0.01308627005728105,-0.009065904214132307,-0.014399309657869818,-0.012293104386753101,-0.014963072340233556,-0.010966912928686661,-0.007340630555190807,-0.010567830727811601,-0.009241639269745161
167,2008-04-30,0.0300600751536886,-0.0425572170267954,0.0010483352874734,-0.006248570936553401,-0.004328884039381818,-0.00314924146833552,-0.0026885979279000632,-0.0017062533956588646,-0.001250567530449742,-0.003280548751908418,-0.0016402626404266633,-0.00020223224297634206
168,2008-05-30,0.0071438471792427,0.010002162109971,0.0016236948175102,0.00857300464460685,0.005939204876188034,0.008461068985227894,0.007223457702507171,0.008394212876731798,0.006152386330208779,0.007562899693698234,0.008847152520017372,0.007776081147718978
169,2008-06-30,-0.0946612413426276,0.0625388684901919,0.001412010888934,-0.01606118642621785,-0.011126866331510386,-0.0079070803785051,-0.006750501711329278,-0.025894282578432497,-0.018978745536429354,-0.009714855442576387,-0.005338490822395278,-0.017566734647495353
170,2009-04-30,-0.0586995627082974,0.2169033574091837,2.9572262401272495e-05,0.07910189735044315,0.05480020062219644,0.05130074808609327,0.04379692265289921,0.06186253272004686,0.045341023184426704,0.05482977288459771,0.04382649491530048,0.04537059544682798
171,2009-08-31,-0.0212488966671044,0.1066670748640327,7.815704793933e-05,0.042709089098464145,0.029587996361429707,0.02979441083932828,0.025436344609027228,0.03470775850901807,0.025438423130175383,0.029666153409369036,0.025514501656966556,0.02551658017811471
172,2009-09-30,0.0039861283340606,0.3289692296538028,3.5909327893473344e-05,0.1664776789939317,0.11533238156813903,0.09671143274275343,0.08256532891834474,0.14614951200651413,0.10711763843016135,0.11536829089603251,0.08260123824623822,0.10715354775805483
173,2009-10-30,-0.0066735750919359,0.0555515268640846,8.449113972833334e-06,0.02443897588607435,0.016930830061188066,0.010880500866625582,0.0092889962165987,0.020546705001113642,0.015059335382128274,0.016939279175160898,0.009297445330571533,0.015067784496101107
174,2009-11-30,0.0299661103106247,-0.1180096147908098,6.125769923293001e-05,-0.044021752240092554,-0.030497382936468625,-0.007860816767400677,-0.006711005137248452,-0.034765654806932195,-0.025480857173377208,-0.030436125237235694,-0.006649747438015522,-0.025419599474144277
175,2010-04-30,0.0012180069297365,0.0726699963364796,0.0001182948578137,0.03694400163310805,0.025594059928952285,0.019404405395337648,0.016566098428016554,0.03247457548034818,0.02380165206656231,0.025712354786765985,0.016684393285830254,0.02391994692437601
176,2010-07-30,0.0182065910825111,-0.0950931421027267,0.0001182948578137,-0.038443275510107795,-0.02663272666134697,-0.009485013503168122,-0.008097628558219218,-0.0313562119475217,-0.02298196776588914,-0.02651443180353327,-0.007979333700405518,-0.02286367290807544
177,2010-09-30,0.0437564116088543,-0.0640564454848196,0.000111957442784,-0.010150016937982651,-0.007031727217059291,0.018435045909204483,0.015738528382336518,-0.003406165477735503,-0.0024964873099344114,-0.0069197697742752915,0.015850485825120518,-0.002384529867150411
178,2011-01-31,0.0067849814725327,0.0755612482706022,0.0001246317577422,0.041173114871567454,0.02852390436611943,0.022835526975027443,0.019495345506171807,0.036871059070620466,0.02702397510494463,0.028648536123861628,0.019619977263914005,0.02714860686268683
179,2011-02-28,0.0318939371650907,-0.0307389802683376,6.548250912240668e-05,0.0005774784483765505,0.00040006543314415695,0.017171321363843323,0.014659650427674554,0.004495258786263069,0.003294718529716823,0.0004655479422665636,0.01472513293679696,0.0033602010388392293
180,2011-06-30,-0.0048521953019634,-0.0286488938676102,6.336828658632833e-06,-0.0167505445847868,-0.011604439773557726,-0.010377805821087254,-0.00885983101240929,-0.015262026381140987,-0.01118602587967435,-0.011598102944899094,-0.008853494183750657,-0.011179689051015717
181,2011-09-30,-0.0209964933926151,-0.0779982162933501,1.26737008835075e-05,-0.0494973548429826,-0.03429077008919935,-0.030792219724224336,-0.026288202723860735,-0.04593181393642146,-0.03366489131666579,-0.03427809638831584,-0.026275529022977227,-0.033652217615782284
182,2011-11-30,0.0018269217342657,0.0963731513482301,0.0,0.0491000365412479,0.034015515975515186,0.015209566689860768,0.012984844095880172,0.04318603197972322,0.03165242015061391,0.034015515975515186,0.012984844095880172,0.03165242015061391
183,2011-12-30,0.0173357190304449,-0.0676798167692434,0.0,-0.02517204886939925,-0.01743868825299529,0.006273424687437353,0.005355802908436804,-0.01985420310682681,-0.014551778658154317,-0.01743868825299529,0.005355802908436804,-0.014551778658154317
184,2012-02-29,0.0135964115291202,0.1050990043573222,4.435880331763833e-05,0.059347707943221195,0.04111489623754041,0.0304697557872989,0.026012905995630352,0.05362408730190273,0.03930280379243825,0.041159255040858045,0.02605726479894799,0.03934716259575589
185,2012-04-30,0.0186116457889817,0.0254930600543674,6.337010190380917e-05,0.02205235292167455,0.015277425760666347,0.019857293495819772,0.01695274201212076,0.021621910422577568,0.015847387726561614,0.015340795862570155,0.017016112114024567,0.015910757828465422
186,2012-08-31,-0.0039863804084825,-0.0384519797816063,6.548272058906417e-05,-0.0212191800950444,-0.014700220414377154,-0.01062611023220495,-0.009071815622650156,-0.01906330658490465,-0.01397210537353087,-0.01463473769378809,-0.009006332902061091,-0.013906622652941805
187,2012-11-30,0.0025737809799792,0.0573569401558917,0.0001013941276757,0.02996536056793545,0.02075939801499739,0.013252105352254937,0.011313703108709982,0.026538594058219164,0.01945098196870095,0.02086079214267309,0.011415097236385681,0.01955237609637665
188,2013-01-31,0.0542996103982841,0.0864560263455028,5.0695923089909166e-05,0.07037781837189344,0.048756334491522245,0.06186177113915327,0.052813171480579374,0.06836638765307346,0.050107905889359115,0.04880703041461215,0.05286386740366928,0.05015860181244902
189,2013-02-28,0.0244364838908759,0.0109081053865808,4.0134028564707503e-05,0.01767229463872835,0.012243009638143081,0.02132275711857689,0.01820385041367504,0.018518514445812193,0.013572809839979591,0.012283143666707788,0.018243984442239746,0.013612943868544298
190,2013-03-28,0.048447519497105,-0.0254838109696581,3.3796953463506674e-05,0.011481854263723449,0.007954397280501409,0.02943712082590029,0.025131315858637503,0.016106366815998162,0.011804869912550524,0.007988194233964916,0.025165112812101008,0.01183866686601403
191,2013-09-30,0.0396177598958102,0.0060667906580839,1.6898293661565835e-05,0.02284227527694705,0.01582466805187352,0.030685285710510733,0.026196910083844668,0.024940937338095822,0.01828000840517607,0.015841566345535085,0.026213808377506233,0.018296906698837635
192,2014-01-31,0.0067527084421569,-0.0002123230534593,4.224636786189917e-05,0.0032701926943488,0.0022655236059587565,0.004916768817457161,0.004197586811774636,0.0037058655731555226,0.0027161470680679566,0.0023077699738206555,0.004239833179636535,0.0027583934359298556
193,2014-02-28,0.0292455411285634,0.0108742687741381,2.534758131479167e-05,0.02005990495135075,0.013897097953618865,0.024536299810812397,0.020947344143969805,0.021209054832299956,0.015544792697429687,0.013922445534933657,0.020972691725284598,0.015570140278744479
194,2014-04-30,-0.0042572921931778,-0.0132481428403021,8.449116319694167e-06,-0.00875271751673995,-0.006063706332880714,-0.006774085242042778,-0.005783231209260268,-0.00819032669527427,-0.006002951645368365,-0.00605525721656102,-0.005774782092940574,-0.005994502529048671
195,2014-05-30,0.0093074891777547,0.0111675173096625,1.9010618655295835e-05,0.0102375032437086,0.00709233596686256,0.00989044279198377,0.008443755191181367,0.010121155771137973,0.007418117854131294,0.007111346585517856,0.008462765809836662,0.00743712847278659
196,2014-06-30,0.0151910636166971,0.0114789013064781,1.2673692962354166e-05,0.0133349824615876,0.009238207156409979,0.01382497583527335,0.01180277910020976,0.013567183628417766,0.00994382157334664,0.009250880849372332,0.011815452793172114,0.009956495266308993
197,2015-04-30,-0.016562236571091,0.0177299661147925,-4.224526769145084e-06,0.0005838647718507516,0.00040448974936597895,-0.0028609459015248515,-0.002442471718988045,-0.00156116252259664,-0.0011442258022645458,0.0004002652225968339,-0.00244669624575719,-0.001148450329033691
198,2015-08-31,-0.0573162232185808,-0.0395684783795329,-6.336785093000083e-06,-0.04844235079905685,-0.0335598845453517,-0.0488640957630668,-0.041716682552998464,-0.04955249812448127,-0.03631860623094554,-0.0335662213304447,-0.041723019338091465,-0.03632494301603854
199,2015-09-30,0.0280305290101435,0.0119749851309878,-2.3234634228829165e-05,0.02000275707056565,0.013857507053311093,0.01995969756276456,0.01704016730642244,0.02100705475781115,0.01539674040053941,0.013834272419082264,0.017016932672193612,0.01537350576631058
200,2015-10-30,0.0345884622719086,-0.0965126978819329,2.112293455406917e-05,-0.030962117805012148,-0.021449931344702956,-0.026734649501599185,-0.022824138439636495,-0.02276154902150055,-0.016682665201693016,-0.021428808410148888,-0.022803015505082427,-0.016661542267138948
201,2015-11-30,-0.0020130885604554,-0.0058395032818007,0.0001013941276757,-0.00392629592112805,-0.0027200587013318125,-0.0038202353126182845,-0.0032614446522656704,-0.0036869480993405703,-0.0027022818481825025,-0.0026186645736561123,-0.00316005052458997,-0.0026008877205068023
202,2016-02-29,0.026367312329599,-0.0786271901181866,0.0001858972387852,-0.026129938894293797,-0.01810229516125522,-0.017309741292400024,-0.014777823497869236,-0.019562379627821404,-0.014337891923396424,-0.017916397922470018,-0.014591926259084035,-0.014151994684611223
203,2016-06-30,0.0401259259755658,-0.0707174477222769,0.0001753359734304,-0.015295760873355546,-0.01059659493141514,-0.004178181229291051,-0.003567033366101366,-0.008362346179397136,-0.006129030211421973,-0.010421258957984741,-0.003391697392670966,-0.005953694237991573
204,2016-09-30,0.0025492004652305,0.029597059767818,0.0001563215271903,0.01607313011652425,0.011135140679495496,0.013038567290796312,0.011131399530106053,0.014381247066844667,0.010540474629928449,0.011291462206685796,0.011287721057296352,0.010696796157118748
205,2016-11-30,-0.0029923650860045,-0.0722685836741969,0.0002535102506613,-0.037630474380100705,-0.026069634415999115,-0.02886124119587836,-0.02463967087187974,-0.03329714586548336,-0.024404540135694836,-0.025816124165337816,-0.024386160621218442,-0.024151029885033537
206,2016-12-30,0.0259496650988476,0.1694084080380898,0.0003422529600522,0.0976790365684687,0.06767006835272782,0.0651020570175606,0.05557949663731443,0.08870548295773893,0.06501507750375794,0.06801232131278002,0.05592174959736663,0.06535733046381015
207,2017-02-28,0.0282155759408909,0.0217513269071186,0.0003574588391557,0.02498345142400475,0.01730803174296665,0.026429439378779666,0.02256357178825794,0.025387799629413406,0.018607528030060598,0.017665490582122353,0.02292103062741364,0.0189649868692163
208,2017-06-30,0.0023781018890223,-0.0542763449751446,0.000714231795508,-0.02594912154306115,-0.01797702854369705,-0.013159879610152872,-0.011234967342777841,-0.02240530325910228,-0.01642156132084561,-0.017262796748189053,-0.01052073554726984,-0.015707329525337613
209,2017-08-31,-0.0243342022733223,0.0371282792475201,0.0009256664231051,0.0063970384870989,0.004431739366855627,-0.00731534084832848,-0.006245316672110839,0.00255247062266868,0.0018707871241502737,0.005357405789960727,-0.005319650249005739,0.002796453547255374
210,2017-11-30,0.0497911290901958,-0.0193049361181999,0.0009192950928711,0.01524309648599795,0.010560110105013879,0.033973734756848346,0.029004353520902283,0.01956515614394865,0.01433992692061626,0.011479405197884979,0.029923648613773383,0.01525922201348736
211,2018-02-28,-0.0346423680587059,-0.005877733622944,0.000992895837413,-0.02026005084082495,-0.01403575499301076,-0.02707432467400227,-0.023114128894120355,-0.022059320679064597,-0.016167979653669336,-0.013042859155597759,-0.022121233056707355,-0.015175083816256336
212,2018-08-31,0.0618280403031767,-0.0338379611103989,0.0016363915419505,0.0139950395963889,0.009695481439591517,0.03325493345517522,0.028390692196522585,0.019979087517207828,0.014643310425404841,0.011331872981542016,0.030027083738473084,0.016279701967355342
213,2018-11-30,0.0209140258033556,-0.1031186823974993,0.0018818387179451,-0.04110232829707185,-0.028474864853621624,-0.013825831740534616,-0.01180350981112382,-0.03334390149281805,-0.024438808826124606,-0.026593026135676524,-0.00992167109317872,-0.022556970108179506
214,2019-01-31,0.0480716429681219,-0.0652646982506428,0.0019622724752707,-0.008596527641260447,-0.005955501134293468,0.01497828074736348,0.012787388641288028,-0.0015071741927830708,-0.0011046560335186847,-0.003993228659022768,0.014749661116558729,0.0008576164417520155
215,2019-02-28,0.0266296887716684,0.0937630458059729,0.0020215439460972,0.06019636728882065,0.04170283033212622,0.0452577808041453,0.03863786785320475,0.0559970778898418,0.04104204427505925,0.04372437427822342,0.04065941179930195,0.043063588221156454
216,2019-09-30,-0.0006612818466433,-0.1005210008366644,0.0015008579504104,-0.05059114134165385,-0.03504852333624834,-0.027355930943234016,-0.0233545442574873,-0.044344770269736135,-0.03250169639848297,-0.03354766538583794,-0.0218536863070769,-0.03100083844807257
217,2020-01-31,0.0489010515244361,0.1233428328243172,0.0012999336293397,0.08612194217437665,0.059663546225956626,0.06807948069362346,0.05812140877915288,0.08146550017797899,0.059708663222960666,0.06096347985529633,0.05942134240849258,0.06100859685230037
218,2020-04-30,-0.0079152495835838,-0.0941373612994963,6.125782260608333e-05,-0.051026305441540055,-0.03534999625631867,-0.03347366719931502,-0.02857743147871771,-0.04563298659557221,-0.03344587122819153,-0.03528873843371259,-0.02851617365611163,-0.03338461340558545
219,2020-08-31,-0.0085167394236047,0.1855511215376701,7.604461343350251e-05,0.0885171910570327,0.061322926388838496,0.040683342676719865,0.034732538587613875,0.07637796329875518,0.055979845189654355,0.061398971002272,0.03480858320104738,0.05605588980308786
220,2020-09-30,-0.0135925725583539,0.0114352066014066,7.18200124438275e-05,-0.0010786829784736503,-0.00074728983258419,-0.0070464589228398785,-0.00601576444660286,-0.002644207068857836,-0.001938023691271483,-0.0006754698201403625,-0.005943944434159033,-0.0018662036788276556
221,2020-10-30,0.0057790614996667,-0.0012550544691406,6.337016791798583e-05,0.00226200351526305,0.001567070457177021,0.004017837519880983,0.0034301433342615495,0.002701997728630134,0.001980380308910094,0.0016304406250950067,0.0034935135021795355,0.00204375047682808
222,2020-11-30,0.011735217286215,0.0605246551163782,5.9145301110025e-05,0.0361299362012966,0.025030091800789397,0.023262369300761133,0.01985975306400642,0.033078085703821106,0.02424398395682546,0.025089237101899423,0.019918898365116445,0.024303129257935485
223,2021-04-30,0.0631677574927731,0.0227636631078301,4.224546424870749e-06,0.0429657103003016,0.029765778359278624,0.05386293091487727,0.04598433175240236,0.045493045334945165,0.03334330381519435,0.029770002905703495,0.04598855629882723,0.033347528361619215
224,2021-07-30,0.0368596876226344,0.1413172403854573,4.647104337551417e-05,0.08908846400404584,0.061718692775675724,0.05814935557819743,0.04964377564826639,0.08255449172352884,0.060506819857411236,0.061765163819051234,0.049690246691641904,0.060553290900786746
225,2021-09-30,-0.0692384415738049,0.036581701078698,3.802159377018e-05,-0.01632837024755345,-0.011311965899316316,-0.0393682305216583,-0.033609789554043104,-0.022947574513057678,-0.016819009217282486,-0.011273944305546136,-0.033571767960272926,-0.016780987623512305
226,2022-01-31,-0.0624691825990991,-0.09420542920697,2.957220489815417e-05,-0.07833730590303456,-0.054270507073552736,-0.07185608182297379,-0.06134560167543242,-0.0763521573892233,-0.05596093121554218,-0.05424093486865458,-0.061316029470534265,-0.05593135901064403
227,2022-02-28,-0.0383597636220408,-0.0075165293150456,5.9145301110025e-05,-0.0229381464685432,-0.01589108568165656,-0.029000950405940685,-0.024758944638740385,-0.024867435760443243,-0.01822613675476177,-0.015831940380546534,-0.02469979933763036,-0.018166991453651745
228,2022-06-30,-0.0040740685720158,0.0628269992239283,0.0009340958457161,0.02937646532595625,0.020351423257287785,0.01753890954489979,0.01497347101966343,0.025191705957639275,0.01846380472409015,0.021285519103003886,0.01590756686537953,0.01939790056980625
229,2022-09-30,-0.0567546042047296,0.056481533073494,0.0022712878718427,-0.00013653556561779925,-9.458908873920392e-05,-0.019499589593600805,-0.016647359912978017,-0.007219621111463178,-0.005291490564717061,0.002176698783103496,-0.014376072041135318,-0.003020202692874361
230,2022-11-30,0.0243612971427932,0.0651425810931696,0.0033203032800051,0.0447519391179814,0.031003241692583276,0.039300675637567985,0.0335521160084573,0.04220101032587506,0.03093046636565646,0.034323544972588375,0.036872419288462396,0.03425076964566156
231,2022-12-30,-0.0286708937423966,-0.0396439110330336,0.0033262994360549,-0.0341574023877151,-0.023663560120273052,-0.033178764851597625,-0.028325664871114604,-0.033471024151634374,-0.024531981077036812,-0.02033726068421815,-0.024999365435059706,-0.02120568164098191
232,2023-02-28,-0.0152882919768911,0.0722082115651595,0.0036820249317449,0.0284599597941342,0.01971648669195242,0.020243257325559674,0.017282250423373686,0.02298692588069383,0.01684785108963847,0.02339851162369732,0.020964275355118585,0.02052987602138337
233,2023-06-30,0.0024803582446419,0.018000624363801,0.0043018495762031,0.01024049130422145,0.007094406034977992,0.008815360876429944,0.007525926869808299,0.009269676021586138,0.006794041189824454,0.011396255611181093,0.0118277764460114,0.011095890766027555
234,2023-08-31,-0.014029535858636,0.0743571254709693,0.0044634518342988,0.03016379480616665,0.020896869256897023,0.021469151255701036,0.01832883129484473,0.024635080224786693,0.018055835972268598,0.025360321091195823,0.02279228312914353,0.0225192878065674
235,2023-11-30,0.0376392762096446,-0.025546731446054,0.004454961785125,0.0060462723817953,0.004188735676856324,0.01431544327087651,0.012221505242464605,0.009998649319787362,0.007328328968893332,0.008643697461981324,0.016676467027589605,0.011783290754018332
